3XE <peter@3xe.co.uk>  3XE <peter@3xe.co.uk>

ASAI Hitoshi <hitoasa@gmail.com>  ASAI Hitoshi <hitoasa@gmail.com>

Abdul Raheem Siddiqui <53625184+ar-siddiqui@users.noreply.github.com>  Abdul Raheem Siddiqui <53625184+ar-siddiqui@users.noreply.github.com>

Adrien <adrien.glauser@gmail.com>  Adrien <adrien.glauser@gmail.com>
Adrien <adrien.glauser@gmail.com>  Adrien <mrnycticorax@gmail.com>

Akbar Gumbira <akbargumbira@gmail.com>  Akbar Gumbira <akbargumbira@gmail.com>

Alessandro Pasotti <elpaso@itopen.it>  Alessandro Pasotti <apasotti@gmail.com>
Alessandro Pasotti <elpaso@itopen.it>  Alessandro Pasotti <elpaso@itopen.it>
Alessandro Pasotti <elpaso@itopen.it>  elpaso <apasotti@gmail.com>
Alessandro Pasotti <elpaso@itopen.it>  elpaso <elpaso@itopen.it>
Alessandro Pasotti <elpaso@itopen.it>  elpaso <elpaso@users.noreply.github.com>

Alex <roya0045@users.noreply.github.com>  Alex <roya0045@users.noreply.github.com>

Alex Munteanu <alexandru.munteanu@e-uvt.ro>  Alex Munteanu <alexandru.munteanu@e-uvt.ro>

Alexander Bruy <alexander.bruy@gmail.com>  Alexander Bruy <alexander.bruy@gmail.com>

Alexander CherryTea <Akiyamka@gmail.com>  Alexander CherryTea <Akiyamka@gmail.com>

Alexandre <abusquets@gmail.com>  Alexandre <abusquets@gmail.com>

Alexandre Neto <senhor.neto@gmail.com>  Alexandre <senhor.neto@gmail.com>
Alexandre Neto <senhor.neto@gmail.com>  Alexandre Neto <senhor.neto@gmail.com>
Alexandre Neto <senhor.neto@gmail.com>  SrNetoChan <senhor.neto@gmail.com>

Andrea Giudiceandrea <andreaerdna@libero.it>  Andrea Giudiceandrea <andreaerdna@libero.it>

Andreas Neumann <a.neumann@carto.net>  Andreas Neumann <a.neumann@carto.net>
Andreas Neumann <a.neumann@carto.net>  Andreas Neumann <a.neumann@carto.n>

Andreas Schmid <andreas.schmid@bd.so.ch>  Andreas Schmid <andreas.schmid@bd.so.ch>

Andrei <andrei.mirt@gmail.com>  Andrei <andrei.mirt@gmail.com> 

Andrew Harvey <andrew@alantgeo.com.au>  Andrew Harvey <andrew@alantgeo.com.au> 

Andy Allan <andy@gravitystorm.co.uk>  Andy Allan <andy@gravitystorm.co.uk>

Anita Graser <anitagraser@gmx.at>  Anita Graser <anitagraser@gmx.at>
Anita Graser <anitagraser@gmx.at>  anitagraser <anitagraser@gmx.at>

Antoine <antoine@facchini.fr>  Antoine <antoine@facchini.fr>

Antonio Locandro <antoniolocandro@hotmail.com>  Antonio Locandro <antoniolocandro@hotmail.com>

Ariadni-Karolina Alexiou <carolinegr@gmail.com>  Ariadni-Karolina Alexiou <carolinegr@gmail.com>
Ariadni-Karolina Alexiou <carolinegr@gmail.com>  carolinux <carolinegr@gmail.com>

Arnaud Morvan <arnaud.morvan@camptocamp.com>  Arnaud Morvan <arnaud.morvan@camptocamp.com>
Arnaud Morvan <arnaud.morvan@camptocamp.com>  arnaud.morvan@camptocamp.com <arnaud.morvan@camptocamp.com>

Áron Gergely <ag@geoinformation.nl>  Áron Gergely <ag@geoinformation.nl>

Ayodele Adeyemo <christad92@gmail.com>  Ayodele Adeyemo <christad92@gmail.com>
Ayodele Adeyemo <christad92@gmail.com>  christad92 <christad92@gmail.com>

B. van Berkum <dev@dotmpe.com>  B. van Berkum <dev@dotmpe.com>

BJ Jang <qgis.tr.kr@gmail.com>  BJ Jang <qgis.tr.kr@gmail.com>

Báthory Péter <bathory86p@gmail.com>  Báthory Péter <bathory86p@gmail.com>
Báthory Péter <bathory86p@gmail.com>  Péter Báthory <peter.bathory@cartographia.hu> 

Benjamin Bohard <benjamin.bohard@orange.fr>  Benjamin Bohard <benjamin.bohard@orange.fr>

Benjamin Riley <benriley94@msn.com>  Benjamin Riley <benriley94@msn.com>

Bernhard Ströbl <bernhard.stroebl@jena.de>  Bernhard Ströbl <bernhard.stroebl@jena.de>

Bertrand Rix <bertrand.rix@oslandia.com>  Bertrand Rix <bertrand.rix@oslandia.com>

Björn <pathmapper@posteo.de>  Björn <pathmapper@posteo.de>
Björn <pathmapper@posteo.de>  pathmapper <pathmapper@posteo.de>

Borys Jurgiel <info@borysjurgiel.pl>  Borys Jurgiel <info@borysjurgiel.pl>

Call me Benny <geograph@protonmail.ch>  Call me Benny <geograph@protonmail.ch>

Chris Berkhout <chrisberkhout@gmail.com>  Chris Berkhout <chrisberkhout@gmail.com>

Chris Mayo <aklhfex@gmail.com>  Chris Mayo <aklhfex@gmail.com>

Chris Shucksmith <chris@shucksmith.co.uk>  Chris Shucksmith <chris@shucksmith.co.uk>

Clemens Raffler <clemens.raffler@gmail.com>  Clemens Raffler <clemens.raffler@gmail.com>
Clemens Raffler <clemens.raffler@gmail.com>  Clemens Raffler <root676@users.noreply.github.com>

Cody Martin <codytylermartin@gmail.com>  Cody Martin <codytylermartin@gmail.com>
Cody Martin <codytylermartin@gmail.com>  Cody Martin <34431661+Codym48@users.noreply.github.com>

D'Hont René-Luc <rldhont@gmail.com>  D'Hont René-Luc <rldhont@gmail.com>
D'Hont René-Luc <rldhont@gmail.com>  rldhont <rldhont@gmail.com>

Damiano Lombardi <lombardi.damiano@gmail.com>  Damiano Lombardi <damiano@opengis.ch>
Damiano Lombardi <lombardi.damiano@gmail.com>  Damiano Lombardi <lombardi.damiano@gmail.com>

Damien Lejay <damien@lejay.be>  Damien Lejay <damien@lejay.be>

Darren Kavanagh <dkav@users.noreply.github.com>  Darren Kavanagh <dkav@users.noreply.github.com>

David Adler <dadler@adtechgeospatial.com>  David Adler <dadler@adtechgeospatial.com>

David Marteau <dmarteau@3liz.com>  David Marteau <dmarteau@3liz.com>

Denis Rouzaud <denis.rouzaud@gmail.com>  Denis Rouzaud <denis.rouzaud@gmail.com>

Dennis Milechin <milechin@bu.edu>  Dennis Milechin <milechin@bu.edu>

DiGro <dikgro@yahoo.co.uk>  DiGro <dikgro@yahoo.co.uk>

Diethard Jansen <diethard.jansen@gmail.com>  Diethard Jansen <diethard.jansen@gmail.com>
Diethard Jansen <diethard.jansen@gmail.com>  diethard2 <diethard.jansen@gmail.com>

Drewfore <andrewjeffrey@live.com>  Drewfore <andrewjeffrey@live.com>

Duitel <39193776+Duitel@users.noreply.github.com>  Duitel <39193776+Duitel@users.noreply.github.com>

Eileen Belding <eileen.m.belding@gmail.com>  Eileen Belding <eileen.m.belding@gmail.com>

Emma Hain <emmahain@gmail.com>  Emma Hain <emmahain@gmail.com>

Eric Goddard <egoddard@memphis.edu>  Eric Goddard <egoddard@memphis.edu>

Éric Lemoine <eric.lemoine@gmail.com>  Éric Lemoine <eric.lemoine@gmail.com>
Éric Lemoine <eric.lemoine@gmail.com>  Éric Lemoine <eric.lemoine@oslandia.com>

Erik Meerburg <erik@geo-academie.nl>  Erik Meerburg <erik@geo-academie.nl>

Étienne Trimaille <gustrimaille@yahoo.fr>  Etienne Trimaille <gustrimaille@ahoo.fr>
Étienne Trimaille <gustrimaille@yahoo.fr>  Etienne Trimaille <gustrimaille@yahoo.fr>
Étienne Trimaille <gustrimaille@yahoo.fr>  Étienne Trimaille <gustrimaille@yahoo.fr>

Fran <franka1986@gmail.com>  Fran <franka1986@gmail.com>

Fran Raga <All4Gis@users.noreply.github.com>  Fran Raga <All4Gis@users.noreply.github.com>

Francisco Javier Díez Rábanos <diezrabanos@hotmail.com>  Francisco Javier Díez Rábanos <diezrabanos@hotmail.com>

Frank Sokolic <frank@gis-solutions.co.za>  Frank Sokolic <frank@gis-solutions.co.za>

Fredrik <70209145+fredrik-lindseth@users.noreply.github.com>  Fredrik <70209145+fredrik-lindseth@users.noreply.github.com>

George Irwin <irwingeorge@mac.com>  George Irwin <irwingeorge@mac.com>

Gerald Kogler <geraldo@servus.at>  Gerald Kogler <geraldo@servus.at>

Germán Carrillo <gcarrillo@linuxmail.org>  Germán Carrillo <gcarrillo@linuxmail.org>
Germán Carrillo <gcarrillo@linuxmail.org>  Germap <gcarrillo@linuxmail.org>
Germán Carrillo <gcarrillo@linuxmail.org>  Germap <geotux_tuxman@linuxmail.org>

GiordanoPezzola <g.pezzola@bopen.eu>  GiordanoPezzola <g.pezzola@bopen.eu>

Giovanni Manghi <giovanni.manghi@naturalgis.pt>  Giovanni Manghi <giovanni.manghi@naturalgis.pt>
Giovanni Manghi <giovanni.manghi@naturalgis.pt>  gioman <giovanni.manghi@faunalia.pt>

Gregory Power <31050507+gregorywaynepower@users.noreply.github.com>  Gregory Power <31050507+gregorywaynepower@users.noreply.github.com>

Harrissou Sant-anna <delazj@gmail.com>  Harrissou Sant-Anna <harrissou@Mac-mini-Harrissou.local>
Harrissou Sant-anna <delazj@gmail.com>  Harrissou Sant-anna <delazj@gmail.com>
Harrissou Sant-anna <delazj@gmail.com>  DelazJ <DelazJ@users.noreply.github.com>
Harrissou Sant-anna <delazj@gmail.com>  DelazJ <delazj@gmail.com>

Håvard Tveite <havard.tveite@nmbu.no>  Håvard Tveite <havard.tveite@nmbu.no>

Hien TRAN-QUANG <hien.tranquang@gmail.com>  Hien TRAN-QUANG <hien.tranquang@gmail.com>

Hugo Mercier <hugo.mercier@oslandia.com>  Hugo Mercier <hugo.mercier@oslandia.com>

Ian Maddaus <spamforian@protonmail.com>  Ian Maddaus <IanMadd@users.noreply.github.com>
Ian Maddaus <spamforian@protonmail.com>  IanMadd <spamforian@protonmail.com>
Ian Maddaus <spamforian@protonmail.com>  Unknown <spamforian@protonmail.com>

Ian Turton <ijturton@gmail.com>  Ian Turton <ijturton@gmail.com>

Ilkka Rinne <ilkka.rinne@spatineo.com>  Ilkka Rinne <ilkka.rinne@spatineo.com>

Ismail Sunni <imajimatika@gmail.com>  Ismail Sunni <imajimatika@gmail.com>

Ivan Ivanov <ivan.ivanov@suricactus.com>  Ivan Ivanov <ivan.ivanov@suricactus.com>
Ivan Ivanov <ivan.ivanov@suricactus.com>  Ivan Ivanov <suricactus@users.noreply.github.com>

Jachym Cepicky <jachym@users.noreply.github.com>  Jachym Cepicky <jachym@users.noreply.github.com>

Jacky Volpes <jacky.volpes@oslandia.com>  Jacky Volpes <34267385+Djedouas@users.noreply.github.com>
Jacky Volpes <jacky.volpes@oslandia.com>  Jacky Volpes <jacky.volpes@oslandia.com>

Jaka Kranjc <lynxlynxlynx@sourcemage.org>  Jaka Kranjc <lynxlynxlynx@sourcemage.org>

Jakob Lanstorp <jakob@lanstorp.com>  Jakob Lanstorp <jakob@lanstorp.com>

Jakob Miksch <jakob.miksch@posteo.eu>  Jakob Miksch <info@jakobmiksch.eu>
Jakob Miksch <jakob.miksch@posteo.eu>  Jakob Miksch <jakob.miksch@posteo.eu>
Jakob Miksch <jakob.miksch@posteo.eu>  bufferclip <jakob.miksch@posteo.eu>

Jaume Figueras i Jové <jaume.figueras@upc.edu>  Jaume Figueras i Jové <jaume.figueras@upc.edu>

Jean-Roc Morreale <jr.morreale@enoreth.net>  Jean Roc <jr.morreale@enoreth.net>
Jean-Roc Morreale <jr.morreale@enoreth.net>  Jean-Roc Morreale <jr.morreale@enoreth.net>
Jean-Roc Morreale <jr.morreale@enoreth.net>  MORREALE Jean-Roc <jr.morreale@enoreth.net>
Jean-Roc Morreale <jr.morreale@enoreth.net>  jrm <jrm@c8812cc2-4d05-0410-92ff-de0c093fc19c>

Jeff Osundwa <mulamajeff@tuta.io>  Jeff Osundwa <mulamajeff@tuta.io>

Jeroen-GroeneBij <mail@groenebij.nl>  Jeroen-GroeneBij <mail@groenebij.nl>

Jérôme Lafréchoux <lafrech@users.noreply.github.com>  Jérôme Lafréchoux <lafrech@users.noreply.github.com>

João Gaspar <joaofrgaspar@gmail.com>  João Gaspar <joao.f.r.gaspar@gmail.com>
João Gaspar <joaofrgaspar@gmail.com>  João Gaspar <joaofrgaspar@gmail.com>

Joeperdefloep <33122845+Joeperdefloep@users.noreply.github.com>  Joeperdefloep <33122845+Joeperdefloep@users.noreply.github.com>

Johannes Kröger <johannes.kroeger@wheregroup.com>  Johannes Kröger <johannes.kroeger@wheregroup.com>
Johannes Kröger <johannes.kroeger@wheregroup.com>  Hannes <kannes@users.noreply.github.com>

John Hawkinson <jhawk@mit.edu>  John Hawkinson <jhawk@mit.edu> 

Jonathan Willitts <JonathanWillitts@users.noreply.github.com>  Jonathan Willitts <JonathanWillitts@users.noreply.github.com>
Jonathan Willitts <JonathanWillitts@users.noreply.github.com>  JonathanWillitts <JonathanWillitts@users.noreply.github.com>

Jorge Rosales <jrosleo@gmail.com>  Jorge Rosales <jrosleo@gmail.com>

Jörn Gutzeit <info@umwelt-it>  Jörn Gutzeit <61974701+Gutzeit555@users.noreply.github.com>
Jörn Gutzeit <info@umwelt-it>  Gutzeit555 <61974701+Gutzeit555@users.noreply.github.com>
Jörn Gutzeit <info@umwelt-it>  Gutzeit555 <info@umwelt-it>

Joseph Kariuki <joehene@gmail.com>  Joseph Kariuki <joehene@gmail.com>

Joshua Arnott <josh@snorfalorpagus.net>  Joshua Arnott <josh@snorfalorpagus.net>

Juergen E. Fischer <jef@norbit.de>  Juergen E. Fischer <jef@norbit.de>
Juergen E. Fischer <jef@norbit.de>  Jürgen Fischer <jef@norbit.de>

Juernjakob Dugge <juernjakob@gmail.com>  Juernjakob Dugge <juernjakob@gmail.com>
Juernjakob Dugge <juernjakob@gmail.com>  Jürnjakob Dugge <jdugge@users.noreply.github.com>
Juernjakob Dugge <juernjakob@gmail.com>  jdugge <jdugge@users.noreply.github.com>

Julien <Guts@users.noreply.github.com>  Julien <Guts@users.noreply.github.com>

Julien Cabieces <julien.cabieces@oslandia.com>  Julien Cabieces <julien.cabieces@oslandia.com>

Justin Rentie <jurentie@rams.colostate.edu>  Justin Rentie <jurentie@rams.colostate.edu>

Ka1bi4 <rrrrrroman@gmail.com>  Ka1bi4 <rrrrrroman@gmail.com>

Kasper Socha <kaspersgit@gmail.com>  Kasper Socha <kaspersgit@gmail.com>

Klas Karlsson <klakar@users.noreply.github.com>  Klas Karlsson <klakar@users.noreply.github.com>

Ko Nagase <nagase@georepublic.co.jp>  Ko Nagase <nagase@georepublic.co.jp>

Konstantinos Nikolaou <konikolaou9@gmail.com>  Konstantinos Nikolaou <konikolaou9@gmail.com>
Konstantinos Nikolaou <konikolaou9@gmail.com>  purplexed <konikolaou9@gmail.com>

Larissa Junek <junek@gbd-consult.de>  Larissa Junek <junek@gbd-consult.de>
Larissa Junek <junek@gbd-consult.de>  Larissa Junek <junek@linuxhotel101.linuxhotel.de>
Larissa Junek <junek@gbd-consult.de>  Larissa Junek <junek@localhost.(none)>
Larissa Junek <junek@gbd-consult.de>  lajunek <47246213+lajunek@users.noreply.github.com>
Larissa Junek <junek@gbd-consult.de>  lajunek <l.junek@gmx.net>
Larissa Junek <junek@gbd-consult.de>  junek <junek@gbd-consult.de>

Larry Shaffer <lshaffer@boundlessgeo.com>  Larry Shaffer <lshaffer@boundlessgeo.com>

Liam Turner <liamturner79@gmail.com>  Liam Turner <liamturner79@gmail.com>

Loïc Bartoletti <l.bartoletti@free.fr>  Loïc Bartoletti <l.bartoletti@free.fr>
Loïc Bartoletti <l.bartoletti@free.fr>  Loïc Bartoletti <lbartoletti@users.noreply.github.com>
Loïc Bartoletti <l.bartoletti@free.fr>  lbartoletti <lbartoletti@users.noreply.github.com>

Luigi Pirelli <luipir@gmail.com>  Luigi Pirelli <lpirelli@boundlessgeo.com>
Luigi Pirelli <luipir@gmail.com>  Luigi Pirelli <luipir@gmail.com>

Manel Clos <manelclos@gmail.com>  Manel Clos <manelclos@gmail.com>

Maning Sambale <emmanuel.sambale@gmail.com>  Maning Sambale <emmanuel.sambale@gmail.com>
Maning Sambale <emmanuel.sambale@gmail.com>  maning <emmanuel.sambale@gmail.com>

Marc Ducobu <marc.ducobu@champs-libres.coop>  Marc Ducobu <marc.ducobu@champs-libres.coop>

Marco Bernasocchi <marco@opengis.ch>  Marco Bernasocchi <marco@bernawebdesign.ch>
Marco Bernasocchi <marco@opengis.ch>  Marco Bernasocchi <marco@opengis.ch>

MarieSilvestre <marie.silvestre@gmail.com>  MarieSilvestre <3002741+MarieSilvestre@users.noreply.github.com>
MarieSilvestre <marie.silvestre@gmail.com>  MarieSilvestre <marie.silvestre@gmail.com>

Martin Dobias <wonder.sk@gmail.com>  Martin Dobias <wonder.sk@gmail.com>

Martin Pergler <48919900+Houska1@users.noreply.github.com>  Martin Pergler <48919900+Houska1@users.noreply.github.com>

Martina Savarese <martina.savarese@gmail.com>  Martina Savarese <martina.savarese@gmail.com>
Martina Savarese <martina.savarese@gmail.com>  stra2da <martina.savarese@gmail.com>

Mathieu Pellerin <nirvn.asia@gmail.com>  Mathieu Pellerin <nirvn.asia@gmail.com>

Matt Walker <walkermatt@longwayaround.org.uk>  Matt Walker <walkermatt@longwayaround.org.uk>

Matteo Ghetta <matteo.ghetta@gmail.com>  Matteo <matteo.ghetta@gmail.com>
Matteo Ghetta <matteo.ghetta@gmail.com>  Matteo Ghetta <matteo.ghetta@gmail.com>
Matteo Ghetta <matteo.ghetta@gmail.com>  matteo <matteo.ghetta@gmail.com>
Matteo Ghetta <matteo.ghetta@gmail.com>  matteo <matteo@matteo-Q320-P320.(none)>
Matteo Ghetta <matteo.ghetta@gmail.com>  ghtmtt <matteo.ghetta@gmail.com>

Matthew Law <mr.matthewlaw@gmail.com>  Matthew Law <mr.matthewlaw@gmail.com>

Matthias Kuhn <matthias@opengis.ch>  Matthias Kuhn <matthias.kuhn@gmx.ch>
Matthias Kuhn <matthias@opengis.ch>  Matthias Kuhn <matthias@opengis.ch>
Matthias Kuhn <matthias@opengis.ch>  m-kuhn <m-kuhn@users.noreply.github.com>

Maximilian Krambach <matakuka@users.noreply.github.com>  Maximilian Krambach <matakuka@users.noreply.github.com>

Maz <61194081+mbalandari@users.noreply.github.com>  Maz <61194081+mbalandari@users.noreply.github.com>

Mezene <mezwor@gmail.com>  Mezene <mezwor@gmail.com>
Mezene <mezwor@gmail.com>  mezwor <mezwor@gmail.com>

Michael Dufty <34697905+mikedufty@users.noreply.github.com>  Michael Dufty <34697905+mikedufty@users.noreply.github.com>

Mickael Savinaud <mickael.savinaud@c-s.fr>  Mickael Savinaud <mickael.savinaud@c-s.fr>

Mie Winstrup <mie@septima.dk>  Mie Winstrup <mie@septima.dk>
Mie Winstrup <mie@septima.dk>  MieWinstrup <miewinstrup@gmail.com>

Miguel M. Colón <mm@miguelmcolon.com>  Miguel M. Colón <mm@miguelmcolon.com>

MorriganR <dasha@ddyka.com>  MorriganR <d_daryna@knu.ua>
MorriganR <dasha@ddyka.com>  MorriganR <dasha@ddyka.com>

Nabin <075bce083.nabin@pcampus.edu.np>  Nabin <075bce083.nabin@pcampus.edu.np>

Nathan Woodrow <woodrow.nathan@gmail.com>  Nathan Woodrow <woodrow.nathan@gmail.com>

Nicholas Duggan <dragons8mycat@live.co.uk>  Nicholas Duggan <dragons8mycat@live.co.uk>

Nicholas Klein-Baer <nicholaskleinbaer@gmail.com>  Nicholas Klein-Baer <nicholaskleinbaer@gmail.com>

Nick Bearman <nick@nickbearman.me.uk>  Nick Bearman <nick@geospatialtrainingsolutions.co.uk>
Nick Bearman <nick@nickbearman.me.uk>  Nick Bearman <nick@nickbearman.me.uk>

Nicolas Boisteault <nboisteault@3liz.com>  Nicolas Boisteault <nboisteault@3liz.com>

Nicolas Godet <39594821+nicogodet@users.noreply.github.com>  Nicolas Godet <39594821+nicogodet@users.noreply.github.com>

Nikolaos <15186503+Nikosvav@users.noreply.github.com>  Nikolaos <15186503+Nikosvav@users.noreply.github.com>

Nyall Dawson <nyall.dawson@gmail.com>  Nyall Dawson <nyall.dawson@gmail.com>
Nyall Dawson <nyall.dawson@gmail.com>  nyalldawson <nyall.dawson@gmail.com>

Otto Dassau <dassau@gbd-consult.de>  Otto Dassau <dassau@gbd-consult.de>
Otto Dassau <dassau@gbd-consult.de>  Otto Dassau <dassau@gbdlaptop.speedport.ip>
Otto Dassau <dassau@gbd-consult.de>  Otto Dassau <dassau@nature.speedport.ip>
Otto Dassau <dassau@gbd-consult.de>  »Otto <dassau@gbd-consult.de>
Otto Dassau <dassau@gbd-consult.de>  dassau <dassau@c8812cc2-4d05-0410-92ff-de0c093fc19c>
Otto Dassau <dassau@gbd-consult.de>  dassau <dassau@gbd-consult.de>

Paolo Cavallini <cavallini@faunalia.it>  Paolo Cavallini <cavallini@faunalia.it>
Paolo Cavallini <cavallini@faunalia.it>  Paolo <cavallini@faunalia.it>
Paolo Cavallini <cavallini@faunalia.it>  pcav <cavallini@faunalia.it>
Paolo Cavallini <cavallini@faunalia.it>  pcav <pcav@c8812cc2-4d05-0410-92ff-de0c093fc19c>

Paolo Corti <pcorti@gmail.com>  Paolo Corti <pcorti@gmail.com>
Paolo Corti <pcorti@gmail.com>  admin <pcorti@gmail.com>
Paolo Corti <pcorti@gmail.com>  capooti <pcorti@gmail.com>
Paolo Corti <pcorti@gmail.com>  capooti <capooti@capooti-mint.(none)>
Paolo Corti <pcorti@gmail.com>  capooti <paolo.corti@jrc.ec.europa.eu>

Patrice Pineault <TurboGraphxBeige@runbox.com>  Patrice Pineault <59714546+TurboGraphxBeige@users.noreply.github.com>
Patrice Pineault <TurboGraphxBeige@runbox.com>  Patrice Pineault <TurboGraphxBeige@runbox.com>
Patrice Pineault <TurboGraphxBeige@runbox.com>  TurboGraphxBeige <TurboGraphxBeige@runbox.com>

Patrick Sunter <patdevelop@gmail.com>  Patrick Sunter <patdevelop@gmail.com>

Paul Blottiere <blottiere.paul@gmail.com>  Paul Blottiere <blottiere.paul@gmail.com>
Paul Blottiere <blottiere.paul@gmail.com>  Blottiere Paul <blottiere.paul@gmail.com>

Paul Wittle <paulwittle@users.noreply.github.com>  Paul Wittle <paulwittle@users.noreply.github.com>

Radim Blazek <radim.blazek@gmail.com>  Radim Blazek <radim.blazek@gmail.com>

Raúl Zagal Rojo <rzrkal@gmail.com>  Raúl Zagal Rojo <rzrkal@gmail.com>

Raymond Nijssen <r.nijssen@terglobo.nl>  Raymond Nijssen <r.nijssen@terglobo.nl>

Régis Haubourg <1629853+haubourg@users.noreply.github.com>  Régis Haubourg <1629853+haubourg@users.noreply.github.com>
Régis Haubourg <1629853+haubourg@users.noreply.github.com>  Régis Haubourg <regis.haubourg@oslandia.com>

Riccardo Klinger <riccardo.klinger@gmail.com>  Riccardo Klinger <riccardo.klinger@gmail.com>

Richard Duivenvoorde <richard@duif.net>  Richard Duivenvoorde <richard@duif.net>
Richard Duivenvoorde <richard@duif.net>  Richard Duivenvoorde <rduivenvoorde@qgis.osgeo.org>

Roberto Marzocchi <roberto.marzocchi@gter.it>  Roberto Marzocchi <roberto.marzocchi@gter.it>

Roman Bug <rrrrrroman@gmail.com>  Roman Bug <rrrrrroman@gmail.com>

Roman Zhukov <romanzhukov@yandex-team.ru>  Roman Zhukov <romanzhukov@yandex-team.ru>

Rosa Aguilar <r.m.aguilardearchila@utwente.nl>  Rosa Aguilar <r.m.aguilardearchila@utwente.nl>
Rosa Aguilar <r.m.aguilardearchila@utwente.nl>  Rosa Aguilar <r.aguilar@utwente.nl>

Ryan Welfle <ryan.welfle@gmail.com>  Ryan Welfle <ryan.welfle@gmail.com>
Ryan Welfle <ryan.welfle@gmail.com>  Ryan <ryan.welfle@gmail.com>

Sab <saber.razmjooei@lutraconsulting.co.uk>  Sab <saber.razmjooei@lutraconsulting.co.uk>

Salvatore Larosa <lrssvtml@gmail.com>  Salvatore Larosa <lrssvtml@gmail.com>

Savinaud Mickaël <savmickael@users.noreply.github.com>  Savinaud Mickaël <savmickael@users.noreply.github.com>

Scott Staniewicz <scott.stanie@gmail.com>  Scott Staniewicz <scott.stanie@gmail.com>

Sebastian Dietrich <SebDieBln@users.noreply.github.com>  Sebastian Dietrich <SebDieBln@users.noreply.github.com>

Sebastian Gutwein <bas@rdgland.com>  Sebastian Gutwein <bas@rdgland.com>
Sebastian Gutwein <bas@rdgland.com>  baswein <bas@rdgland.com>

Selma Vidimlic Husic <selma@kartoza.com>  Selma Vidimlic Husic <selma@kartoza.com>
Selma Vidimlic Husic <selma@kartoza.com>  selmaVH1 <138306509+selmaVH1@users.noreply.github.com>

Shane Carey <careyshan@gmail.com>  Shane Carey <careyshan@gmail.com>
Shane Carey <careyshan@gmail.com>  careyshan <careyshan@gmail.com>

Simon O'Keefe <simon.okeefe@pozi.com>  Simon O'Keefe <simon.okeefe@pozi.com>

Stefan Blumentrath <stefan.blumentrath@gmx.de>  Stefan Blumentrath <stefan.blumentrath@gmx.de>

Stefan Conrads <stefancon@users.noreply.github.com>  Stefan Conrads <stefancon@users.noreply.github.com>

Stefan Uhrig <stefan.uhrig@sap.com>  Stefan Uhrig <stefan.uhrig@sap.com>

Stéphane Brunner <stephane.brunner@camptocamp.com>  Stéphane Brunner <stephane.brunner@camptocamp.com>

Stéphane Guillou <stephane.guillou@gmail.com>  Stéphane Guillou <stephane.guillou@gmail.com>

Stephanie May <mizmay@gmail.com>  Stephanie May <mizmay@Stephanies-MacBook-Air.local>
Stephanie May <mizmay@gmail.com>  Stephanie May <mizmay@gmail.com>

Stephen Knox <stephenknox73@gmail.com>  Stephen Knox <stephenknox73@gmail.com>

Steven Cordwell <steven.cordwell@uqconnect.edu.au>  Steven Cordwell <steven.cordwell@uqconnect.edu.au>

Sylther <sylsta@users.noreply.github.com>  Sylther <sylsta@users.noreply.github.com>

Sylvain POULAIN <kikislater@users.noreply.github.com>  Sylvain POULAIN <kikislater@users.noreply.github.com>

Tayyabali Sayyad <tayyabsayyad@gmail.com>  Tayyabali Sayyad <tayyabsayyad@gmail.com>

Thomas Gratier <thomas_gratier@yahoo.fr>  Thomas Gratier <thomas_gratier@yahoo.fr>
Thomas Gratier <thomas_gratier@yahoo.fr>  ThomasG77 <thomas_gratier@yahoo.fr>

Tim Sutton <tim@kartoza.com>  Tim Sutton <tim@kartoza.com>
Tim Sutton <tim@kartoza.com>  Tim Sutton <tim@linfiniti.com>
Tim Sutton <tim@kartoza.com>  timlinux <timlinux@c8812cc2-4d05-0410-92ff-de0c093fc19c>

Tom Chadwin <tom.chadwin@nnpa.org.uk>  Tom Chadwin <tom.chadwin@nnpa.org.uk>

Tom Kralidis <tomkralidis@gmail.com>  Tom Kralidis <tomkralidis@gmail.com>

Tom Lee <tom_t_lee@yahoo.com>  Tom Lee <tom_t_lee@yahoo.com>

Tony Kinyua <42900317+Kyshman@users.noreply.github.com>  Tony Kinyua <42900317+Kyshman@users.noreply.github.com>

Topi Tjukanov <topi@gispo.fi>  Topi Tjukanov <topi@gispo.fi>

Tucker Chapman <tucker.r.chapman@gmail.com>  Tucker Chapman <tucker.r.chapman@gmail.com>

Tudor Barascu <tudor.barascu@qtibia.ro>  Tudor Barascu <tudor.barascu@qtibia.ro>
Tudor Bărăscu <tudor.barascu@qtibia.ro>  Tudor Bărăscu <tudor.barascu@qtibia.ro>
Tudor Bărăscu <tudor.barascu@qtibia.ro>  Your Name <tudor.barascu@qtibia.ro>

Ujaval Gandhi <ujaval@gmail.com>  Ujaval Gandhi <ujaval@gmail.com>

Uroš Preložnik <uros00@gmail.com>  Uros P. <uros00@gmail.com>
Uroš Preložnik <uros00@gmail.com>  Uroš Preložnik <uros00@gmail.com>
Uroš Preložnik <uros00@gmail.com>  uprel <uros00@gmail.com>

Victor Olaya <volayaf@gmail.com>  Victor Olaya <volayaf@gmail.com>
Victor Olaya <volayaf@gmail.com>  volaya <volayaf@gmail.com>

Vincent Picavet <vincent.picavet@oslandia.com>  Vincent Picavet <vincent.picavet@oslandia.com>

Werner Macho <werner.macho@gmail.com>  Werner Macho <werner.macho@gmail.com>
Werner Macho <werner.macho@gmail.com>  macho <macho@c8812cc2-4d05-0410-92ff-de0c093fc19c>

Yoann Quenach de Quivillic <yoann.quenach@gmail.com>  Yoann Quenach de Quivillic <yoann.quenach@gmail.com>

Yves Jacolin <yves.jacolin@camptocamp.com>  Yves Jacolin <yjacolin@free.fr>
Yves Jacolin <yves.jacolin@camptocamp.com>  Yves Jacolin <yves.jacolin@camptocamp.com>
Yves Jacolin <yves.jacolin@camptocamp.com>  yjacolin <yves@georezo.net>
Yves Jacolin <yves.jacolin@camptocamp.com>  Jacolin <yves.jacolin@camptocamp.com>

ZJWebb <97148276+ZJWebb@users.noreply.github.com>  ZJWebb <97148276+ZJWebb@users.noreply.github.com>

Zoltan Siki <siki@agt.bme.hu>  Zoltan Siki <siki@agt.bme.hu>

aghisla <aghisla@c8812cc2-4d05-0410-92ff-de0c093fc19c>  aghisla <aghisla@c8812cc2-4d05-0410-92ff-de0c093fc19c> 

ajazepk <ajazepk@yahoo.com>  ajazepk <ajazepk@yahoo.com> 

albrecht <albrecht@gbd-consult.de>  PhilipAlbrecht <45685457+PhilipAlbrecht@users.noreply.github.com>
albrecht <albrecht@gbd-consult.de>  albrecht <albrecht@gbd-consult.de> 

ale5000 <shevadronovalex@gmail.com>  ale5000 <shevadronovalex@gmail.com> 

andremano <DaSilvaA@utwks29322.ad.utwente.nl>  andremano <DaSilvaA@utwks29322.ad.utwente.nl> 

andremano <andre.s.mano@gmail.com>  andremano <andre.s.mano@gmail.com> 

astroidex <astrid_emde@osgeo.org>  astroidex <astrid_emde@osgeo.org> 

badewannencaptain <dominicjkeller@gmail.com>  badewannencaptain <dominicjkeller@gmail.com> 

bdm-oslandia <benoit.de.mezzo@oslandia.com>  bdm-oslandia <benoit.de.mezzo@oslandia.com> 
bdm-oslandia <benoit.de.mezzo@oslandia.com>  benoitdm-oslandia <64401067+benoitdm-oslandia@users.noreply.github.com> 

bogzab <bogzab@c8812cc2-4d05-0410-92ff-de0c093fc19c>  bogzab <bogzab@c8812cc2-4d05-0410-92ff-de0c093fc19c>

cengel <cengel@c8812cc2-4d05-0410-92ff-de0c093fc19c>  cengel <cengel@c8812cc2-4d05-0410-92ff-de0c093fc19c>

cfarmer <cfarmer@c8812cc2-4d05-0410-92ff-de0c093fc19c>  cfarmer <cfarmer@c8812cc2-4d05-0410-92ff-de0c093fc19c>

chojje <toivosawen@gmail.com>  chojje <toivosawen@gmail.com>

custard <custard@c8812cc2-4d05-0410-92ff-de0c093fc19c>  custard <custard@c8812cc2-4d05-0410-92ff-de0c093fc19c>

dependabot[bot] <49699333+dependabot[bot]@users.noreply.github.com>  dependabot[bot] <49699333+dependabot[bot]@users.noreply.github.com>

djq <djq@c8812cc2-4d05-0410-92ff-de0c093fc19c>  djq <djq@c8812cc2-4d05-0410-92ff-de0c093fc19c>

edzellAmy <edzell_amy@yahoo.co.uk>  edzellAmy <edzell_amy@yahoo.co.uk>

egonzale <eg@gismood.com>  egonzale <eg@gismood.com>

ehanoj <ehanoj@users.noreply.github.com>  ehanoj <ehanoj@users.noreply.github.com>

eshavers <eshavers@usgs.gov>  eshavers <eshavers@usgs.gov>

felixfeckler <felix.feckler@gmx.de>  felixfeckler <55293275+felixfeckler@users.noreply.github.com>
felixfeckler <felix.feckler@gmx.de>  felixfeckler <felix.feckler@gmx.de>

gafrgwynedd <63139547+gafrgwynedd@users.noreply.github.com>  gafrgwynedd <63139547+gafrgwynedd@users.noreply.github.com>

giohappy <giohappy@gmail.com>  giohappy <giohappy@gmail.com>

gjm <gjm@c8812cc2-4d05-0410-92ff-de0c093fc19c>  gjm <gjm@c8812cc2-4d05-0410-92ff-de0c093fc19c>

gsherman <gsherman@c8812cc2-4d05-0410-92ff-de0c093fc19c>  gsherman <gsherman@c8812cc2-4d05-0410-92ff-de0c093fc19c>

janneke <janneke.qgis@gmail.com>  janneke <janneke.qgis@gmail.com>
janneke <janneke.qgis@gmail.com>  janneke-qgis <janneke.qgis@gmail.com>

jsonnentag <36777806+jsonnentag@users.noreply.github.com>  jsonnentag <36777806+jsonnentag@users.noreply.github.com>

jveenstra1 <67281325+jveenstra1@users.noreply.github.com>  jveenstra1 <67281325+jveenstra1@users.noreply.github.com>

llc <luolingchun@outlook.com>  llc <luolingchun@outlook.com>

lucacasagrande <luca.casagrande@gmail.com>  lucacasagrande <luca.casagrande@gmail.com>

marowu <marekwieczorek@onet.pl>  marowu <marekwieczorek@onet.pl>

marylaure <56193300+marylaure@users.noreply.github.com>  marylaure <56193300+marylaure@users.noreply.github.com>

me <me@puter>  me <me@puter>

mhugent <marco.hugentobler@sourcepole.ch>  mhugent <marco.hugentobler@sourcepole.ch>

micha <micha@c8812cc2-4d05-0410-92ff-de0c093fc19c>  micha <micha@c8812cc2-4d05-0410-92ff-de0c093fc19c>

mikeoeo <mike.chatzipetros@gmail.com>  mikeoeo <mike.chatzipetros@gmail.com>

milovanderlinden <milo@dogodigi.net>  milovanderlinden <milo@dogodigi.net>

mizmay <mizmay@gmail.com>  mizmay <mizmay@gmail.com>

muranamihdk <muranamihdk@users.noreply.github.com>  muranamihdk <muranamihdk@users.noreply.github.com>

peerusman <aleem_usman@hotmail.com>  peerusman <aleem_usman@hotmail.com>

ramon <custard@westnet.com.au>  ramon <custard@westnet.com.au>

rob d <rdamus@brassratdev.com>  rob d <rdamus@brassratdev.com>

root <root@itinerant.detroit>  root <root@itinerant.detroit>

root <root@qgis.org>  root <root@qgis.org>

s15204 <46571322+s15204@users.noreply.github.com>  s15204 <46571322+s15204@users.noreply.github.com>

sholl <sholl@c8812cc2-4d05-0410-92ff-de0c093fc19c>  sholl <sholl@c8812cc2-4d05-0410-92ff-de0c093fc19c>

silvio <silvio.bentzien@gmx.de>  silvio <silvio.bentzien@gmx.de>

sshuair <sshuair@gmail.com>  sshuair <sshuair@gmail.com>

taraathan <taraathan@c8812cc2-4d05-0410-92ff-de0c093fc19c>  taraathan <taraathan@c8812cc2-4d05-0410-92ff-de0c093fc19c>

thayeray <thayeray@yahoo.com>  thayeray <thayeray@yahoo.com>

thxnder <36465489+tswwe@users.noreply.github.com>  thxnder <36465489+tswwe@users.noreply.github.com>

tilmanb <tilman.brock@googlemail.com>  tilmanb <tilman.brock@googlemail.com>

timminter <timothy.e.minter@gmail.com>  timminter <timothy.e.minter@gmail.com>

tlh22 <thancock@mhtc.co.uk>  tlh22 <thancock@mhtc.co.uk>

tomczk <tomasztaras@outlook.com>  tomczk <tomasztaras@outlook.com>
tomczk <tomasztaras@outlook.com>  tt <tomasztaras@outlook.com>

topi <schulung02@think-01.(none)>  topi <schulung02@think-01.(none)>

trapanator <luca76@gmail.com>  trapanator <luca76@gmail.com>

tschmetzer <67278094+tschmetzer@users.noreply.github.com>  tschmetzer <67278094+tschmetzer@users.noreply.github.com>

vmora <vincent.mora@oslandia.com>  vmora <vincent.mora@oslandia.com>

vovchykbratyk <40668075+vovchykbratyk@users.noreply.github.com>  vovchykbratyk <40668075+vovchykbratyk@users.noreply.github.com>

wlorenzetti <lorenzetti@gis3w.it>  wlorenzetti <lorenzetti@gis3w.it>

xBcai <66826351+xBcai@users.noreply.github.com>  xBcai <66826351+xBcai@users.noreply.github.com>

yanxi10 <cgmsyx@163.com>  yanxi10 <cgmsyx@163.com>

ygarb <66164285+ygarb@users.noreply.github.com>  ygarb <66164285+ygarb@users.noreply.github.com>

yoichigmf <yoichi.kayama@gmail.com>  yoichigmf <yoichi.kayama@gmail.com>

zimirrr <zimirrr@mail.ru>  zimirrr <zimirrr@mail.ru>

zstadler <zeev.stadler@gmail.com>  zstadler <zeev.stadler@gmail.com>

積丹尼 Dan Jacobson <jidanni@jidanni.org>  積丹尼 Dan Jacobson <jidanni@jidanni.org>
